freelancer_id,name,skills,experience_years,hourly_rate,rating,jobs_completed,location,total_earnings,member_since,success_rate,on_time_delivery_rate
1,Freelancer_1,"UI/UX Design, Python",18,43,4.3,52,"Dublin, Ireland",6633,12-07-2022,91%,96%
2,Freelancer_2,C++,20,55,4.1,70,"Madrid, Spain",1551,17-08-2022,94%,95%
3,Freelancer_3,"CSS, Data Analysis, Digital Marketing",19,41,3.8,94,"New York, USA",2303,27-09-2021,85%,91%
4,Freelancer_4,"UI/UX Design, CSS, Node.js, C++",6,106,4.6,23,"San Francisco, USA",1306,10-05-2022,93%,98%
5,Freelancer_5,"SQL, Java, CSS",12,137,3.2,20,"Berlin, Germany",4821,18-05-2021,81%,97%
6,Freelancer_6,"Digital Marketing, UI/UX Design",5,40,3.9,14,"Toronto, Canada",2760,18-09-2022,84%,86%
7,Freelancer_7,C++,13,77,3.9,74,"Sydney, Australia",8482,04-01-2022,97%,90%
8,Freelancer_8,"UI/UX Design, Data Analysis",5,90,4.9,93,"San Francisco, USA",6814,29-02-2020,80%,99%
9,Freelancer_9,"HTML, Digital Marketing, Java, JavaScript",4,40,3.7,82,"New York, USA",7364,06-05-2023,85%,97%
10,Freelancer_10,"JavaScript, CSS, Java",11,79,4.2,25,"Vancouver, Canada",2130,27-03-2020,96%,86%
11,Freelancer_11,"Digital Marketing, JavaScript, Node.js, HTML",10,11,3.2,70,"Berlin, Germany",5535,03-07-2020,98%,97%
12,Freelancer_12,"C++, React, JavaScript",15,61,3.5,18,"Paris, France",1930,08-08-2020,92%,96%
13,Freelancer_13,"Digital Marketing, Java, CSS",1,23,4.7,61,"Toronto, Canada",5489,04-12-2022,83%,99%
14,Freelancer_14,"HTML, Java",15,31,4.8,100,"Mumbai, India",5676,14-06-2021,87%,96%
15,Freelancer_15,"Python, CSS",5,48,4.4,63,"Madrid, Spain",2981,14-05-2023,98%,99%
16,Freelancer_16,Java,11,97,4,85,"Sydney, Australia",9267,30-08-2021,91%,86%
17,Freelancer_17,"Java, Content Writing",3,11,3.8,100,"Vancouver, Canada",2617,10-01-2021,89%,89%
18,Freelancer_18,"Data Analysis, Digital Marketing",0,64,3.9,21,"Dublin, Ireland",1943,28-05-2021,98%,98%
19,Freelancer_19,Machine Learning,5,62,3.2,52,"Paris, France",2490,17-01-2020,81%,96%
20,Freelancer_20,"HTML, C++",12,59,3.9,2,"Mumbai, India",7093,19-06-2022,86%,90%
21,Freelancer_21,UI/UX Design,0,86,5,99,"San Francisco, USA",761,15-08-2021,88%,90%
22,Freelancer_22,"HTML, Node.js",11,104,4.3,47,"London, UK",9239,10-09-2020,95%,87%
23,Freelancer_23,"Digital Marketing, SQL",17,126,4.4,21,"New York, USA",860,24-11-2023,88%,85%
24,Freelancer_24,SQL,18,124,3.7,56,"Dublin, Ireland",6355,03-09-2022,97%,88%
25,Freelancer_25,"Machine Learning, JavaScript, React, UI/UX Design",8,118,3.7,95,"Amsterdam, Netherlands",7383,17-10-2023,95%,88%
26,Freelancer_26,"Data Analysis, SQL",8,137,4.2,29,"Mumbai, India",6403,20-10-2022,84%,93%
27,Freelancer_27,"HTML, CSS, Data Analysis, React",20,140,4.2,93,"San Francisco, USA",4694,27-04-2021,94%,100%
28,Freelancer_28,"Node.js, Content Writing",8,90,3.5,22,"London, UK",9821,21-10-2023,100%,94%
29,Freelancer_29,"Data Analysis, SQL, Digital Marketing, HTML",0,74,4.2,73,"Sydney, Australia",9223,15-03-2022,87%,91%
30,Freelancer_30,"Content Writing, Data Analysis, CSS, Java",11,92,3.8,100,"Vancouver, Canada",2193,04-08-2024,95%,86%
31,Freelancer_31,"JavaScript, Node.js, Java",1,94,3.4,59,"Berlin, Germany",1452,16-02-2023,99%,95%
32,Freelancer_32,"Java, Machine Learning",1,28,5,76,"Madrid, Spain",6621,08-02-2023,80%,90%
33,Freelancer_33,"Data Analysis, Java",6,96,4.3,38,"Berlin, Germany",8303,16-09-2024,84%,92%
34,Freelancer_34,"SQL, Java",4,30,3.3,71,"San Francisco, USA",9620,11-02-2023,98%,85%
35,Freelancer_35,Python,3,118,3.4,34,"Paris, France",2702,14-03-2023,89%,100%
36,Freelancer_36,"Content Writing, Python",5,61,3.6,74,"Tokyo, Japan",9116,29-10-2023,83%,99%
37,Freelancer_37,"Digital Marketing, HTML, SQL",17,86,4.4,86,"Madrid, Spain",433,01-11-2021,90%,97%
38,Freelancer_38,"Digital Marketing, Node.js, JavaScript, HTML",0,53,3.9,78,"London, UK",5043,29-01-2023,81%,94%
39,Freelancer_39,"JavaScript, Content Writing, C++, CSS",19,127,3.3,76,"Berlin, Germany",8075,11-02-2020,89%,93%
40,Freelancer_40,Node.js,14,116,4.3,92,"Amsterdam, Netherlands",6429,26-07-2022,85%,99%
41,Freelancer_41,"UI/UX Design, Content Writing, CSS",7,134,3.4,78,"Sydney, Australia",1703,03-06-2020,95%,99%
42,Freelancer_42,"JavaScript, UI/UX Design",11,95,4.1,82,"Toronto, Canada",7215,21-10-2020,98%,85%
43,Freelancer_43,"Digital Marketing, C++",11,136,3.9,99,"New York, USA",1719,16-12-2021,91%,87%
44,Freelancer_44,"Digital Marketing, JavaScript, HTML, Java",2,17,3.9,64,"San Francisco, USA",9409,18-02-2023,84%,86%
45,Freelancer_45,HTML,3,120,4.9,36,"Toronto, Canada",6589,15-06-2024,96%,90%
46,Freelancer_46,"Python, Content Writing",0,123,4.9,98,"Vancouver, Canada",1910,13-07-2020,89%,87%
47,Freelancer_47,C++,17,25,4.4,61,"Tokyo, Japan",8461,02-06-2020,98%,95%
48,Freelancer_48,"UI/UX Design, JavaScript, CSS, Digital Marketing",3,114,4.5,6,"London, UK",7927,30-10-2023,91%,92%
49,Freelancer_49,"JavaScript, CSS",9,92,3.3,2,"London, UK",6775,13-08-2023,87%,99%
50,Freelancer_50,"Digital Marketing, UI/UX Design, C++",4,113,3.5,4,"Sydney, Australia",9296,15-08-2021,93%,92%
51,Freelancer_51,"C++, Node.js, Data Analysis, React",1,64,4,60,"Tokyo, Japan",8350,15-04-2022,87%,90%
52,Freelancer_52,"Data Analysis, SQL, Digital Marketing, C++",8,55,3.2,41,"New York, USA",2092,30-09-2023,89%,95%
53,Freelancer_53,UI/UX Design,19,54,4.4,95,"Mumbai, India",7537,20-12-2023,80%,95%
54,Freelancer_54,"C++, HTML, SQL, JavaScript",15,91,3.2,41,"London, UK",8529,25-11-2023,83%,94%
55,Freelancer_55,"C++, Content Writing, JavaScript, HTML",19,122,3.8,3,"Amsterdam, Netherlands",3076,02-04-2022,84%,99%
56,Freelancer_56,"Python, Node.js",7,58,3,78,"Toronto, Canada",8530,14-06-2022,91%,95%
57,Freelancer_57,"CSS, Python",8,39,4.8,76,"Toronto, Canada",2056,03-11-2021,94%,96%
58,Freelancer_58,"Digital Marketing, UI/UX Design",2,33,3.3,48,"Berlin, Germany",8579,20-04-2021,99%,95%
59,Freelancer_59,"Python, React",2,95,3.1,22,"Berlin, Germany",5027,19-08-2022,93%,87%
60,Freelancer_60,CSS,18,65,3.6,83,"Mumbai, India",5961,10-04-2024,93%,91%
61,Freelancer_61,"Content Writing, Node.js",8,132,3.2,28,"New York, USA",4889,21-10-2021,85%,97%
62,Freelancer_62,"CSS, UI/UX Design",14,98,4.9,30,"San Francisco, USA",5352,27-12-2021,86%,94%
63,Freelancer_63,HTML,1,109,3.9,95,"Toronto, Canada",5962,25-07-2022,85%,90%
64,Freelancer_64,Content Writing,20,111,3.1,73,"San Francisco, USA",1935,24-09-2023,84%,87%
65,Freelancer_65,"React, C++, Java",20,88,4.4,52,"Tokyo, Japan",5848,12-11-2021,80%,97%
66,Freelancer_66,"Java, Content Writing, Machine Learning",2,53,4.8,5,"San Francisco, USA",8422,15-12-2021,88%,91%
67,Freelancer_67,"Node.js, Data Analysis, SQL, CSS",17,75,4.9,38,"Paris, France",9431,25-11-2020,86%,85%
68,Freelancer_68,"Python, Content Writing",1,137,3.5,1,"Mumbai, India",2189,15-04-2024,87%,97%
69,Freelancer_69,CSS,7,86,4.4,66,"Amsterdam, Netherlands",6884,30-12-2020,90%,90%
70,Freelancer_70,Content Writing,19,147,4.6,5,"Toronto, Canada",9046,07-01-2024,96%,88%
71,Freelancer_71,"CSS, HTML, UI/UX Design",1,47,4,4,"London, UK",5851,20-08-2023,90%,96%
72,Freelancer_72,"JavaScript, Digital Marketing, SQL, C++",11,108,4.8,83,"Berlin, Germany",8263,29-10-2020,82%,94%
73,Freelancer_73,"Python, UI/UX Design, Java",7,103,4.3,63,"Paris, France",3891,11-12-2022,80%,94%
74,Freelancer_74,"UI/UX Design, C++, CSS, Digital Marketing",1,48,4.5,65,"New York, USA",4413,17-06-2024,89%,93%
75,Freelancer_75,"CSS, JavaScript",19,23,4.9,61,"Berlin, Germany",9731,11-05-2024,82%,87%
76,Freelancer_76,"Data Analysis, SQL, Node.js",18,106,4.5,0,"London, UK",3002,24-01-2023,87%,94%
77,Freelancer_77,"Python, SQL",5,71,3.2,50,"New York, USA",6936,17-08-2021,93%,95%
78,Freelancer_78,"JavaScript, Machine Learning, C++",15,55,3.5,76,"Paris, France",8860,16-09-2023,99%,90%
79,Freelancer_79,"JavaScript, UI/UX Design, C++, CSS",9,149,3.2,25,"Mumbai, India",8904,26-04-2023,87%,89%
80,Freelancer_80,"SQL, Machine Learning",2,47,3.3,82,"Vancouver, Canada",421,28-06-2023,98%,90%
81,Freelancer_81,"Machine Learning, Digital Marketing",18,118,3.8,57,"New York, USA",4859,29-07-2020,85%,85%
82,Freelancer_82,Data Analysis,16,86,4.3,44,"Vancouver, Canada",4184,14-06-2024,88%,98%
83,Freelancer_83,"CSS, Node.js, UI/UX Design",18,28,3.5,40,"Tokyo, Japan",5489,18-03-2023,92%,85%
84,Freelancer_84,"React, HTML",4,65,4.3,54,"Vancouver, Canada",1947,04-04-2020,95%,86%
85,Freelancer_85,"Data Analysis, Python",12,134,3.9,28,"Sydney, Australia",206,24-02-2021,98%,85%
86,Freelancer_86,"Data Analysis, Node.js, SQL, C++",9,46,3.3,28,"Berlin, Germany",7332,06-04-2023,81%,88%
87,Freelancer_87,"React, Data Analysis, JavaScript, Digital Marketing",4,106,4.6,63,"Mumbai, India",8562,14-08-2023,87%,93%
88,Freelancer_88,"Data Analysis, SQL, Content Writing",3,76,4.7,92,"Vancouver, Canada",7917,19-07-2021,85%,87%
89,Freelancer_89,"Java, React, Node.js, C++",14,138,3.8,62,"Tokyo, Japan",9814,10-06-2024,98%,97%
90,Freelancer_90,"C++, Python",4,145,4.4,88,"Tokyo, Japan",910,06-04-2021,97%,91%
91,Freelancer_91,"UI/UX Design, Machine Learning",7,86,4.2,92,"Amsterdam, Netherlands",4830,25-02-2024,85%,86%
92,Freelancer_92,"Python, Machine Learning, SQL",12,121,3.5,51,"New York, USA",5017,30-12-2023,99%,92%
93,Freelancer_93,"HTML, SQL, Python",8,146,4.1,37,"Sydney, Australia",3335,06-08-2023,89%,94%
94,Freelancer_94,"HTML, Python",13,148,4.9,85,"Tokyo, Japan",6078,31-10-2022,99%,99%
95,Freelancer_95,Java,2,35,4.6,42,"Madrid, Spain",9956,19-04-2024,92%,87%
96,Freelancer_96,"Java, Data Analysis",2,93,5,35,"Madrid, Spain",1396,05-07-2022,97%,87%
97,Freelancer_97,"Digital Marketing, Data Analysis",6,100,4.6,55,"New York, USA",2823,20-01-2020,90%,97%
98,Freelancer_98,"JavaScript, Python",16,111,4.4,97,"New York, USA",9010,29-08-2024,94%,93%
99,Freelancer_99,"Digital Marketing, Content Writing, CSS",6,51,3.8,68,"Dublin, Ireland",7545,04-08-2020,95%,94%
100,Freelancer_100,"React, CSS, Machine Learning",0,104,3.5,33,"Vancouver, Canada",535,09-03-2020,89%,90%
101,Freelancer_101,"Python, Machine Learning",9,142,4.2,54,"Tokyo, Japan",5620,30-12-2023,95%,86%
102,Freelancer_102,"Digital Marketing, HTML, CSS",8,150,4.3,47,"San Francisco, USA",4229,22-09-2022,85%,100%
103,Freelancer_103,"Java, C++",7,150,4,96,"Paris, France",9509,16-02-2020,89%,88%
104,Freelancer_104,"Data Analysis, C++, Content Writing, CSS",13,121,4.4,36,"New York, USA",903,10-10-2023,96%,93%
105,Freelancer_105,"Machine Learning, Python, Content Writing",6,128,3.2,19,"Berlin, Germany",9510,11-11-2020,93%,94%
106,Freelancer_106,"Digital Marketing, Data Analysis, React",12,47,4.8,66,"Dublin, Ireland",8894,15-08-2023,94%,90%
107,Freelancer_107,"JavaScript, Machine Learning",17,55,3.8,3,"Madrid, Spain",1321,01-04-2023,88%,97%
108,Freelancer_108,Node.js,4,64,3.1,61,"Paris, France",2072,23-05-2024,92%,87%
109,Freelancer_109,"Content Writing, HTML, JavaScript, Java",16,150,3.4,78,"New York, USA",8800,26-09-2024,91%,89%
110,Freelancer_110,"Content Writing, Node.js, Python",17,105,4,63,"Mumbai, India",2547,18-07-2021,85%,88%
111,Freelancer_111,"SQL, CSS",16,50,4,78,"Berlin, Germany",789,08-07-2021,81%,88%
112,Freelancer_112,"Machine Learning, CSS, Java",1,32,4.7,38,"Berlin, Germany",5222,12-06-2021,98%,93%
113,Freelancer_113,C++,6,136,3.9,19,"Madrid, Spain",3934,31-05-2022,99%,92%
114,Freelancer_114,JavaScript,3,18,4.6,34,"Dublin, Ireland",326,13-01-2021,86%,88%
115,Freelancer_115,"SQL, HTML",3,148,4.6,5,"London, UK",1503,23-12-2020,94%,95%
116,Freelancer_116,"SQL, Python",2,137,3.5,95,"Dublin, Ireland",2793,04-03-2024,89%,87%
117,Freelancer_117,Content Writing,9,79,4.3,45,"Berlin, Germany",1598,25-06-2022,89%,91%
118,Freelancer_118,Digital Marketing,4,16,3.8,17,"Toronto, Canada",7241,01-09-2024,96%,96%
119,Freelancer_119,"JavaScript, Digital Marketing, C++, CSS",19,87,4.2,22,"New York, USA",1523,30-06-2022,83%,96%
120,Freelancer_120,C++,20,98,4.5,96,"London, UK",8416,01-04-2022,93%,97%
121,Freelancer_121,"JavaScript, Machine Learning",15,114,3.2,71,"Paris, France",6517,03-10-2022,94%,85%
122,Freelancer_122,JavaScript,8,132,4.6,73,"Toronto, Canada",8018,18-08-2020,98%,92%
123,Freelancer_123,"HTML, CSS",19,33,4.5,52,"Berlin, Germany",3559,09-04-2023,96%,88%
124,Freelancer_124,Machine Learning,19,20,4.8,41,"Amsterdam, Netherlands",3476,03-02-2024,99%,91%
125,Freelancer_125,"UI/UX Design, C++, Digital Marketing",13,31,3,76,"Berlin, Germany",2721,09-09-2023,92%,93%
126,Freelancer_126,"SQL, Data Analysis, Java, Digital Marketing",18,133,3.6,19,"Mumbai, India",4289,26-03-2022,87%,91%
127,Freelancer_127,Node.js,2,139,3.9,40,"San Francisco, USA",1742,27-05-2021,91%,98%
128,Freelancer_128,UI/UX Design,20,60,4.1,35,"Tokyo, Japan",1244,06-09-2020,97%,90%
129,Freelancer_129,HTML,15,28,4.8,62,"Dublin, Ireland",9092,08-05-2020,95%,88%
130,Freelancer_130,"React, C++, CSS, Content Writing",8,22,3.4,37,"London, UK",2908,20-01-2024,99%,89%
131,Freelancer_131,"Java, UI/UX Design",14,85,4.8,62,"Madrid, Spain",6314,07-06-2024,94%,91%
132,Freelancer_132,"Node.js, SQL",16,124,4.5,97,"San Francisco, USA",1190,14-08-2022,90%,92%
133,Freelancer_133,"Python, Content Writing",20,124,4.4,86,"Paris, France",1533,11-05-2023,92%,99%
134,Freelancer_134,Content Writing,6,98,4.4,62,"Toronto, Canada",289,31-01-2023,93%,91%
135,Freelancer_135,"Java, Digital Marketing, Data Analysis, SQL",15,138,3.3,89,"Madrid, Spain",9117,08-06-2021,92%,93%
136,Freelancer_136,Java,20,40,3,50,"Amsterdam, Netherlands",1762,17-06-2023,93%,98%
137,Freelancer_137,"HTML, JavaScript",15,103,4,0,"Berlin, Germany",3085,28-12-2023,96%,90%
138,Freelancer_138,"CSS, Machine Learning",4,129,3.6,1,"Tokyo, Japan",589,13-09-2022,92%,99%
139,Freelancer_139,"Machine Learning, Digital Marketing",17,149,4.9,25,"San Francisco, USA",9331,25-10-2023,100%,90%
140,Freelancer_140,"Data Analysis, Digital Marketing",17,45,4.3,78,"San Francisco, USA",497,01-02-2021,89%,87%
141,Freelancer_141,Content Writing,0,63,4.9,5,"Dublin, Ireland",6451,18-10-2021,84%,97%
142,Freelancer_142,"Machine Learning, Node.js",8,102,4.6,16,"New York, USA",227,26-01-2023,89%,97%
143,Freelancer_143,"C++, JavaScript, Machine Learning",5,62,4.4,54,"Vancouver, Canada",6023,02-10-2020,95%,91%
144,Freelancer_144,"Python, CSS, Java, Node.js",17,86,3.2,22,"Dublin, Ireland",8992,02-03-2023,88%,91%
145,Freelancer_145,"JavaScript, C++",19,99,4.6,89,"Tokyo, Japan",4716,13-09-2020,90%,94%
146,Freelancer_146,"Java, JavaScript, Python",16,148,3.3,8,"Sydney, Australia",7566,10-02-2024,84%,86%
147,Freelancer_147,"UI/UX Design, Data Analysis",17,137,4.6,17,"Tokyo, Japan",9652,22-04-2023,81%,97%
148,Freelancer_148,CSS,17,126,3.7,39,"Tokyo, Japan",4829,21-11-2022,98%,85%
149,Freelancer_149,"Machine Learning, HTML, JavaScript, SQL",11,112,4,63,"San Francisco, USA",2833,02-06-2022,81%,99%
150,Freelancer_150,"SQL, Node.js, Machine Learning",20,23,3.5,17,"Berlin, Germany",1682,17-07-2020,89%,93%
151,Freelancer_151,Machine Learning,10,118,4.8,12,"Madrid, Spain",8636,13-08-2023,94%,88%
152,Freelancer_152,"JavaScript, HTML, SQL",13,104,4.2,2,"Tokyo, Japan",9590,09-11-2023,84%,90%
153,Freelancer_153,"Python, Java, Content Writing, CSS",20,82,3.4,53,"Mumbai, India",5195,02-03-2022,92%,97%
154,Freelancer_154,"SQL, Java",16,37,4,83,"Paris, France",6469,17-01-2021,91%,96%
155,Freelancer_155,"Java, Content Writing",11,76,4.4,21,"Mumbai, India",6373,19-02-2024,80%,91%
156,Freelancer_156,"Data Analysis, Java, Content Writing",10,49,3.7,78,"Toronto, Canada",4190,10-05-2022,90%,100%
157,Freelancer_157,"Node.js, C++, CSS",16,69,3.6,44,"New York, USA",1585,18-03-2020,98%,94%
158,Freelancer_158,"CSS, Content Writing, React, Node.js",13,97,3.4,72,"Toronto, Canada",8651,17-04-2020,82%,87%
159,Freelancer_159,Digital Marketing,9,132,4.4,2,"London, UK",5895,15-09-2022,94%,92%
160,Freelancer_160,"Content Writing, Node.js, UI/UX Design, SQL",3,57,4.9,14,"Vancouver, Canada",1768,22-07-2020,83%,89%
161,Freelancer_161,Node.js,9,13,3.7,81,"New York, USA",1724,07-08-2020,95%,88%
162,Freelancer_162,"HTML, React",9,37,3.2,19,"Madrid, Spain",9304,13-07-2020,87%,97%
163,Freelancer_163,"Java, Python, Node.js",7,100,4.1,62,"Mumbai, India",3404,23-06-2020,87%,90%
164,Freelancer_164,"React, JavaScript, Digital Marketing",2,54,4.6,22,"Amsterdam, Netherlands",7522,04-08-2024,96%,98%
165,Freelancer_165,"CSS, SQL, JavaScript, Digital Marketing",20,141,4.6,68,"Dublin, Ireland",9937,01-03-2024,91%,92%
166,Freelancer_166,UI/UX Design,0,119,4.3,13,"Tokyo, Japan",2509,10-06-2022,98%,97%
167,Freelancer_167,"C++, SQL, Node.js, Machine Learning",17,138,3.6,55,"Tokyo, Japan",5036,22-12-2021,82%,92%
168,Freelancer_168,"UI/UX Design, SQL, C++, Java",14,50,4.5,30,"Tokyo, Japan",9857,21-03-2021,92%,91%
169,Freelancer_169,"HTML, C++, UI/UX Design, Content Writing",16,33,4.4,55,"Dublin, Ireland",6919,24-06-2021,93%,94%
170,Freelancer_170,"JavaScript, C++, React",13,120,4.1,5,"Vancouver, Canada",5055,09-09-2024,94%,97%
171,Freelancer_171,"JavaScript, Content Writing",11,118,4.7,36,"Paris, France",9673,09-01-2020,83%,93%
172,Freelancer_172,"Node.js, HTML, Python",9,93,3.2,5,"Paris, France",5352,03-03-2024,88%,96%
173,Freelancer_173,"Digital Marketing, UI/UX Design, SQL",17,90,3.8,6,"Tokyo, Japan",9232,22-08-2023,88%,89%
174,Freelancer_174,"HTML, JavaScript, UI/UX Design, SQL",8,30,3.7,66,"Paris, France",2571,05-11-2020,91%,94%
175,Freelancer_175,"Digital Marketing, Data Analysis",5,103,3.5,3,"Vancouver, Canada",4337,01-03-2021,92%,94%
176,Freelancer_176,"Python, UI/UX Design, Content Writing, SQL",11,124,3.7,27,"Amsterdam, Netherlands",552,22-05-2020,83%,90%
177,Freelancer_177,"CSS, Content Writing",10,35,4.6,11,"Mumbai, India",6235,09-04-2021,82%,86%
178,Freelancer_178,"Data Analysis, Machine Learning, Java",13,99,4,20,"Sydney, Australia",7607,14-06-2021,80%,90%
179,Freelancer_179,"C++, Content Writing, Node.js, Machine Learning",13,14,3.3,12,"Berlin, Germany",9075,30-10-2020,99%,89%
180,Freelancer_180,"JavaScript, Node.js, Content Writing, React",19,25,4.6,29,"Toronto, Canada",6977,16-07-2024,92%,99%
181,Freelancer_181,"JavaScript, Java, React",10,64,3.4,92,"Paris, France",8883,31-01-2022,92%,92%
182,Freelancer_182,"Node.js, Java, C++, HTML",19,148,3.8,95,"London, UK",374,07-10-2020,80%,85%
183,Freelancer_183,UI/UX Design,19,63,3.7,63,"Madrid, Spain",9197,05-08-2020,96%,97%
184,Freelancer_184,"SQL, Node.js, CSS",6,87,4.2,31,"London, UK",7632,03-02-2023,82%,95%
185,Freelancer_185,Machine Learning,1,102,3,25,"New York, USA",7700,12-12-2022,87%,98%
186,Freelancer_186,"Java, JavaScript, UI/UX Design",19,66,3.5,62,"Berlin, Germany",1599,12-02-2023,92%,92%
187,Freelancer_187,"SQL, CSS, JavaScript",11,59,5,73,"Tokyo, Japan",713,03-05-2020,95%,100%
188,Freelancer_188,"CSS, Python, JavaScript",12,100,3,51,"Amsterdam, Netherlands",5279,10-10-2022,95%,99%
189,Freelancer_189,"Machine Learning, Digital Marketing, C++",20,93,4.3,31,"New York, USA",5193,11-12-2021,88%,92%
190,Freelancer_190,"React, Python, Content Writing",12,95,3.7,11,"Vancouver, Canada",4172,03-05-2021,82%,87%
191,Freelancer_191,"Node.js, HTML",14,131,3.8,80,"Berlin, Germany",9128,23-02-2024,80%,92%
192,Freelancer_192,"Machine Learning, Python, JavaScript, Content Writing",14,109,3.5,71,"London, UK",7411,05-01-2021,99%,97%
193,Freelancer_193,"UI/UX Design, React",16,108,4.2,22,"Sydney, Australia",2324,10-03-2024,97%,91%
194,Freelancer_194,"UI/UX Design, Machine Learning",5,38,3.8,79,"Amsterdam, Netherlands",4815,28-09-2022,98%,95%
195,Freelancer_195,"UI/UX Design, Node.js",9,104,4.7,45,"London, UK",2600,21-03-2021,80%,94%
196,Freelancer_196,"React, HTML",18,79,3.8,65,"Amsterdam, Netherlands",6512,26-08-2024,96%,94%
197,Freelancer_197,"CSS, SQL, Node.js",2,31,4.2,48,"Mumbai, India",9877,25-02-2022,97%,96%
198,Freelancer_198,CSS,3,63,3.8,90,"Tokyo, Japan",4421,03-10-2023,84%,90%
199,Freelancer_199,"SQL, Machine Learning",20,143,4.6,49,"Dublin, Ireland",7727,06-10-2020,80%,91%
200,Freelancer_200,CSS,16,50,4.4,5,"Madrid, Spain",2532,29-07-2023,83%,85%
201,Freelancer_201,"Data Analysis, Content Writing, HTML",12,126,3.3,17,"Dublin, Ireland",1015,03-08-2023,88%,85%
202,Freelancer_202,SQL,0,48,3.9,2,"Amsterdam, Netherlands",6373,30-07-2022,100%,90%
203,Freelancer_203,"C++, JavaScript, React, Node.js",19,65,3.3,59,"Madrid, Spain",609,14-11-2020,88%,92%
204,Freelancer_204,"HTML, SQL, UI/UX Design, React",0,37,4.8,50,"New York, USA",1388,06-06-2021,85%,92%
205,Freelancer_205,Machine Learning,18,87,3.1,82,"Toronto, Canada",2273,10-04-2023,81%,86%
206,Freelancer_206,"Python, Data Analysis, Node.js, JavaScript",19,56,3.4,67,"San Francisco, USA",3211,08-07-2023,93%,99%
207,Freelancer_207,"Digital Marketing, JavaScript, Data Analysis, Machine Learning",2,108,3.5,82,"New York, USA",7343,30-10-2020,100%,85%
208,Freelancer_208,Node.js,10,78,4.5,31,"Sydney, Australia",7503,23-06-2020,97%,100%
209,Freelancer_209,"Content Writing, CSS, UI/UX Design",18,96,3.2,18,"Sydney, Australia",9390,14-09-2022,88%,91%
210,Freelancer_210,"C++, Content Writing, JavaScript",8,128,4.1,12,"San Francisco, USA",9426,22-01-2023,93%,88%
211,Freelancer_211,"Python, Machine Learning, UI/UX Design, JavaScript",6,72,3.6,38,"Tokyo, Japan",296,05-10-2022,84%,85%
212,Freelancer_212,"Data Analysis, Digital Marketing, HTML, CSS",7,31,3.8,21,"London, UK",7386,18-10-2020,86%,96%
213,Freelancer_213,"CSS, UI/UX Design, JavaScript, React",3,70,3.5,91,"Tokyo, Japan",871,03-01-2023,84%,89%
214,Freelancer_214,React,14,41,3.1,47,"London, UK",9890,03-01-2023,89%,92%
215,Freelancer_215,C++,13,92,3.2,51,"Amsterdam, Netherlands",4380,14-12-2021,92%,93%
216,Freelancer_216,"Python, Content Writing",2,31,4.1,48,"Tokyo, Japan",2174,09-01-2020,86%,88%
217,Freelancer_217,Content Writing,2,68,3.8,85,"Sydney, Australia",3813,18-09-2020,100%,100%
218,Freelancer_218,Python,15,88,4.5,41,"Amsterdam, Netherlands",8574,02-06-2020,80%,90%
219,Freelancer_219,"Python, Data Analysis, Machine Learning, Node.js",16,117,4.7,53,"Tokyo, Japan",7082,28-10-2023,97%,97%
220,Freelancer_220,"Machine Learning, HTML, Data Analysis, C++",19,145,3.4,31,"Sydney, Australia",7421,23-10-2022,88%,91%
221,Freelancer_221,"C++, Java, SQL",19,97,3.4,31,"Madrid, Spain",160,23-03-2021,82%,87%
222,Freelancer_222,"C++, Data Analysis, Machine Learning",8,128,4.3,91,"Sydney, Australia",7217,25-09-2024,99%,94%
223,Freelancer_223,React,5,130,4.3,20,"Dublin, Ireland",4084,29-12-2023,91%,93%
224,Freelancer_224,"UI/UX Design, Python",4,130,4.4,86,"Paris, France",6756,10-06-2023,99%,93%
225,Freelancer_225,"JavaScript, Java",2,119,4.9,36,"Toronto, Canada",8947,29-05-2023,86%,99%
226,Freelancer_226,Machine Learning,18,57,3.3,37,"Sydney, Australia",7099,25-07-2021,92%,96%
227,Freelancer_227,"SQL, Machine Learning, Content Writing",0,18,4.1,51,"New York, USA",7030,20-02-2022,98%,98%
228,Freelancer_228,"CSS, JavaScript, C++, React",17,68,3.3,62,"Dublin, Ireland",3648,19-03-2024,88%,92%
229,Freelancer_229,"UI/UX Design, React, Node.js",11,100,4.6,62,"Dublin, Ireland",9194,13-04-2023,84%,85%
230,Freelancer_230,"Machine Learning, JavaScript, C++",10,148,3.3,26,"Vancouver, Canada",8874,25-08-2020,98%,99%
231,Freelancer_231,"CSS, Data Analysis, JavaScript",16,87,3.3,23,"Sydney, Australia",4416,27-05-2022,81%,97%
232,Freelancer_232,JavaScript,14,62,4.9,4,"London, UK",4322,28-07-2023,98%,94%
233,Freelancer_233,"Machine Learning, JavaScript, Digital Marketing",11,49,5,99,"London, UK",3844,03-03-2021,87%,92%
234,Freelancer_234,"Node.js, Content Writing, Python, React",9,47,3.2,2,"Amsterdam, Netherlands",8745,30-04-2021,99%,86%
235,Freelancer_235,JavaScript,11,145,4.7,40,"Tokyo, Japan",5471,19-08-2022,94%,94%
236,Freelancer_236,"Java, JavaScript",7,120,3.9,49,"Vancouver, Canada",3151,23-05-2020,99%,96%
237,Freelancer_237,HTML,17,41,4.2,13,"Toronto, Canada",4017,15-05-2021,86%,95%
238,Freelancer_238,"Content Writing, SQL, JavaScript, UI/UX Design",17,52,4.7,15,"Dublin, Ireland",9677,26-08-2020,93%,99%
239,Freelancer_239,"CSS, UI/UX Design, Java",0,84,3.4,44,"Tokyo, Japan",8317,11-05-2023,85%,94%
240,Freelancer_240,Python,13,39,4.7,46,"Berlin, Germany",2544,07-12-2022,83%,100%
241,Freelancer_241,"C++, Java, Python",19,98,3.5,54,"Dublin, Ireland",545,07-09-2023,84%,92%
242,Freelancer_242,"React, Machine Learning",6,100,4.8,52,"Mumbai, India",9441,19-04-2023,86%,94%
243,Freelancer_243,"Node.js, React",10,42,4.2,62,"Berlin, Germany",1174,12-12-2021,87%,88%
244,Freelancer_244,CSS,7,112,4.4,16,"London, UK",5073,16-03-2023,89%,91%
245,Freelancer_245,UI/UX Design,3,72,3.2,73,"Berlin, Germany",8080,27-04-2024,80%,85%
246,Freelancer_246,"Content Writing, HTML, Java, Machine Learning",1,121,3.6,10,"Dublin, Ireland",114,23-08-2020,88%,98%
247,Freelancer_247,"CSS, UI/UX Design",4,148,4.1,40,"San Francisco, USA",4470,21-07-2022,92%,99%
248,Freelancer_248,"SQL, JavaScript, Content Writing, React",4,144,4.7,89,"Vancouver, Canada",4939,04-10-2022,83%,89%
249,Freelancer_249,"C++, HTML, JavaScript",7,34,4.3,23,"Vancouver, Canada",2086,29-02-2020,81%,100%
250,Freelancer_250,SQL,5,130,3.3,3,"Madrid, Spain",4110,08-07-2021,88%,88%
251,Freelancer_251,Python,15,125,5,98,"Sydney, Australia",4079,29-05-2021,93%,97%
252,Freelancer_252,Digital Marketing,19,86,3.9,5,"Paris, France",7988,24-10-2022,88%,94%
253,Freelancer_253,"UI/UX Design, Digital Marketing",14,34,4.6,12,"Paris, France",6234,03-10-2023,89%,96%
254,Freelancer_254,"Content Writing, HTML, C++, CSS",14,104,4.3,68,"Sydney, Australia",2454,15-02-2020,94%,99%
255,Freelancer_255,SQL,15,91,3.7,42,"Berlin, Germany",140,04-03-2020,100%,87%
256,Freelancer_256,"HTML, UI/UX Design, Data Analysis",14,61,4.8,34,"New York, USA",4626,28-09-2022,93%,92%
257,Freelancer_257,"Data Analysis, Java, Python, Digital Marketing",6,109,4.7,47,"Paris, France",4712,09-12-2021,93%,95%
258,Freelancer_258,"React, JavaScript, Python",2,147,4.2,75,"Amsterdam, Netherlands",2682,05-01-2024,94%,93%
259,Freelancer_259,"Machine Learning, C++, Java",17,41,4.6,76,"Sydney, Australia",2301,19-06-2021,87%,88%
260,Freelancer_260,"SQL, Data Analysis, Java",15,131,3.8,3,"Dublin, Ireland",7860,02-03-2024,87%,92%
261,Freelancer_261,"Java, Data Analysis, CSS, React",14,91,3.2,78,"Paris, France",5178,27-09-2022,89%,100%
262,Freelancer_262,UI/UX Design,10,145,3.8,15,"Mumbai, India",5496,16-09-2024,95%,93%
263,Freelancer_263,React,20,34,4.4,22,"Paris, France",6921,17-05-2024,82%,98%
264,Freelancer_264,"Digital Marketing, Machine Learning, Content Writing, JavaScript",2,42,4.8,44,"Dublin, Ireland",3530,09-02-2024,100%,85%
265,Freelancer_265,"React, Digital Marketing, C++",2,87,3.7,84,"Amsterdam, Netherlands",8985,06-03-2022,99%,97%
266,Freelancer_266,"HTML, JavaScript",19,102,3.7,52,"New York, USA",8911,10-06-2020,92%,100%
267,Freelancer_267,"HTML, JavaScript",10,48,5,13,"London, UK",9455,11-02-2021,93%,96%
268,Freelancer_268,"Java, C++, JavaScript, UI/UX Design",9,137,4.5,46,"New York, USA",7634,29-12-2022,83%,96%
269,Freelancer_269,"C++, UI/UX Design, CSS, Node.js",19,85,4.4,25,"London, UK",2555,03-03-2024,100%,90%
270,Freelancer_270,"JavaScript, HTML, Data Analysis, UI/UX Design",13,150,3.2,94,"Madrid, Spain",7846,23-10-2021,98%,98%
271,Freelancer_271,UI/UX Design,8,107,3.6,62,"Madrid, Spain",8012,03-09-2023,91%,96%
272,Freelancer_272,"SQL, UI/UX Design, React, Content Writing",18,70,3.4,20,"Tokyo, Japan",9291,01-12-2023,96%,94%
273,Freelancer_273,"C++, JavaScript, Data Analysis",8,60,3.4,7,"Amsterdam, Netherlands",1055,10-09-2024,80%,99%
274,Freelancer_274,"Digital Marketing, JavaScript",0,113,4.8,57,"Tokyo, Japan",3586,12-07-2022,93%,90%
275,Freelancer_275,Python,6,108,4.1,97,"Madrid, Spain",3374,02-08-2020,90%,97%
276,Freelancer_276,"Content Writing, Python",14,13,4.9,13,"Paris, France",2930,20-09-2024,83%,86%
277,Freelancer_277,Node.js,6,87,3.9,71,"Tokyo, Japan",5846,16-08-2021,95%,100%
278,Freelancer_278,UI/UX Design,16,130,4.6,89,"Berlin, Germany",1857,14-11-2021,87%,89%
279,Freelancer_279,"Data Analysis, Machine Learning, Digital Marketing",8,93,3.5,41,"Berlin, Germany",3590,06-06-2021,84%,85%
280,Freelancer_280,JavaScript,3,115,4.1,14,"Paris, France",7464,24-06-2020,99%,99%
281,Freelancer_281,Machine Learning,10,23,4.4,26,"Dublin, Ireland",9833,16-06-2023,92%,94%
282,Freelancer_282,"C++, SQL, CSS",19,148,4.2,78,"San Francisco, USA",6137,28-02-2020,92%,100%
283,Freelancer_283,"HTML, CSS",3,143,3.4,82,"Tokyo, Japan",8705,01-01-2020,83%,86%
284,Freelancer_284,"React, HTML, Python, Machine Learning",7,72,3.7,35,"Vancouver, Canada",1978,26-07-2023,96%,98%
285,Freelancer_285,"Content Writing, UI/UX Design, React",15,98,3.1,61,"Sydney, Australia",2242,18-03-2022,83%,99%
286,Freelancer_286,"CSS, Data Analysis, Python",14,35,4.4,10,"Mumbai, India",1222,15-06-2024,83%,98%
287,Freelancer_287,SQL,13,115,4.4,84,"London, UK",6538,29-06-2024,93%,85%
288,Freelancer_288,"UI/UX Design, Digital Marketing, React",7,75,3.3,21,"London, UK",2943,05-07-2020,85%,85%
289,Freelancer_289,"React, UI/UX Design, HTML",17,70,4.6,27,"Madrid, Spain",7827,05-01-2020,90%,96%
290,Freelancer_290,"SQL, Digital Marketing, Node.js",17,44,4.5,90,"Berlin, Germany",8944,01-04-2020,90%,91%
291,Freelancer_291,"Machine Learning, Content Writing, C++",15,145,3.5,59,"Berlin, Germany",6647,02-03-2024,98%,100%
292,Freelancer_292,"HTML, Java, Digital Marketing, Python",5,11,3.7,46,"Berlin, Germany",4473,14-05-2024,81%,89%
293,Freelancer_293,Machine Learning,13,77,4,86,"Madrid, Spain",1970,26-04-2023,83%,100%
294,Freelancer_294,UI/UX Design,14,130,4.3,53,"Dublin, Ireland",2820,27-08-2020,83%,100%
295,Freelancer_295,"C++, Machine Learning",6,29,3.2,57,"San Francisco, USA",4296,20-09-2020,98%,96%
296,Freelancer_296,"C++, Digital Marketing, HTML",3,76,4.7,87,"Mumbai, India",8681,28-09-2022,87%,99%
297,Freelancer_297,"JavaScript, CSS",16,138,3.6,1,"Berlin, Germany",2496,28-05-2020,92%,89%
298,Freelancer_298,"React, UI/UX Design",8,64,3.7,2,"Mumbai, India",2167,19-07-2021,90%,87%
299,Freelancer_299,"Node.js, Machine Learning",0,17,4.1,46,"Toronto, Canada",5829,06-02-2023,95%,88%
300,Freelancer_300,"Machine Learning, Java, Data Analysis",20,52,4.2,80,"London, UK",6402,08-04-2021,84%,86%
301,Freelancer_301,C++,13,136,3.9,19,"Amsterdam, Netherlands",1037,02-03-2022,83%,88%
302,Freelancer_302,"UI/UX Design, Content Writing",13,45,3.2,67,"Vancouver, Canada",8750,24-01-2023,80%,86%
303,Freelancer_303,Machine Learning,7,46,3.4,73,"Berlin, Germany",9064,22-02-2023,87%,96%
304,Freelancer_304,"Digital Marketing, Node.js",4,44,5,47,"Amsterdam, Netherlands",1076,20-11-2020,98%,90%
305,Freelancer_305,"HTML, Python, Content Writing",1,14,3.8,88,"London, UK",3414,31-01-2022,99%,86%
306,Freelancer_306,"Java, Digital Marketing",12,60,3.7,98,"Sydney, Australia",4106,22-12-2022,91%,96%
307,Freelancer_307,"Data Analysis, Java, Digital Marketing",1,83,3.2,1,"Tokyo, Japan",3062,24-11-2022,88%,98%
308,Freelancer_308,"Python, Data Analysis, CSS",10,149,3.8,19,"Vancouver, Canada",8234,21-08-2022,95%,89%
309,Freelancer_309,"CSS, Content Writing, UI/UX Design, Node.js",12,60,4.1,30,"Dublin, Ireland",4526,01-11-2021,99%,100%
310,Freelancer_310,SQL,17,99,3.6,2,"Amsterdam, Netherlands",8378,05-11-2020,80%,99%
311,Freelancer_311,Java,12,146,4.8,18,"Berlin, Germany",9789,22-07-2021,100%,88%
312,Freelancer_312,UI/UX Design,10,105,3.6,36,"Vancouver, Canada",7729,05-10-2023,84%,86%
313,Freelancer_313,"SQL, JavaScript",19,85,4.9,50,"San Francisco, USA",7444,25-11-2020,84%,90%
314,Freelancer_314,"UI/UX Design, HTML",8,43,4.8,26,"Vancouver, Canada",4346,24-05-2022,87%,95%
315,Freelancer_315,"JavaScript, Java",18,146,3.9,1,"London, UK",5775,22-06-2022,93%,86%
316,Freelancer_316,CSS,20,83,3.1,22,"Toronto, Canada",964,07-03-2020,86%,94%
317,Freelancer_317,"Data Analysis, UI/UX Design",0,74,4.6,74,"Vancouver, Canada",2261,04-05-2022,86%,87%
318,Freelancer_318,"Python, React, JavaScript, Digital Marketing",3,12,4.5,8,"Mumbai, India",9328,15-07-2023,93%,100%
319,Freelancer_319,"Machine Learning, Data Analysis, Java, Node.js",15,132,4.3,80,"Berlin, Germany",5096,09-05-2021,95%,90%
320,Freelancer_320,"Python, JavaScript, SQL",6,129,4.2,63,"Berlin, Germany",1572,26-02-2021,94%,91%
321,Freelancer_321,"C++, Data Analysis, Content Writing, HTML",1,132,3.5,31,"London, UK",4213,18-04-2021,94%,87%
322,Freelancer_322,"Node.js, JavaScript",0,82,4.3,89,"Paris, France",2439,27-07-2024,82%,97%
323,Freelancer_323,Python,6,132,3.1,29,"Tokyo, Japan",5200,26-10-2021,96%,87%
324,Freelancer_324,"HTML, SQL, Node.js, React",20,114,4.7,69,"Vancouver, Canada",9105,23-04-2021,82%,90%
325,Freelancer_325,"Java, JavaScript, Data Analysis",12,72,4,73,"Toronto, Canada",871,10-05-2021,95%,86%
326,Freelancer_326,"Machine Learning, UI/UX Design, React, Content Writing",3,48,4.6,57,"Berlin, Germany",6350,29-09-2023,81%,97%
327,Freelancer_327,React,10,22,3.8,93,"Amsterdam, Netherlands",2232,14-04-2020,96%,94%
328,Freelancer_328,Node.js,9,53,4.2,66,"New York, USA",1935,09-04-2024,90%,98%
329,Freelancer_329,"CSS, Python",10,129,4.2,45,"Dublin, Ireland",3187,19-10-2022,100%,92%
330,Freelancer_330,"Data Analysis, Java",13,82,3.6,67,"Vancouver, Canada",7241,26-10-2020,100%,99%
331,Freelancer_331,Python,7,111,3.4,56,"Paris, France",2851,02-02-2020,89%,91%
332,Freelancer_332,"Data Analysis, Content Writing",18,36,3.1,70,"New York, USA",655,25-09-2022,99%,93%
333,Freelancer_333,"Python, Digital Marketing, Data Analysis",13,65,4.8,96,"Amsterdam, Netherlands",7822,28-04-2020,100%,93%
334,Freelancer_334,"SQL, Data Analysis, Content Writing",18,132,3.1,59,"Sydney, Australia",638,21-05-2020,91%,94%
335,Freelancer_335,"HTML, Node.js, Digital Marketing",18,28,3.8,95,"Sydney, Australia",5989,29-07-2021,96%,98%
336,Freelancer_336,"Data Analysis, JavaScript, C++",7,103,3.2,98,"London, UK",8304,11-02-2023,84%,100%
337,Freelancer_337,"Node.js, CSS, SQL, Content Writing",7,90,3.6,85,"Toronto, Canada",1739,26-08-2024,93%,86%
338,Freelancer_338,"JavaScript, C++, Java, Machine Learning",20,135,3.8,29,"Dublin, Ireland",9238,17-08-2022,98%,85%
339,Freelancer_339,"Python, Java, UI/UX Design",14,104,4.7,58,"Dublin, Ireland",8586,10-04-2024,98%,97%
340,Freelancer_340,"React, CSS, C++, SQL",15,70,3.2,74,"Madrid, Spain",2476,29-04-2024,86%,90%
341,Freelancer_341,"SQL, Data Analysis",14,62,4.8,94,"Toronto, Canada",7953,17-09-2021,93%,85%
342,Freelancer_342,Data Analysis,19,59,4.9,66,"Mumbai, India",1124,16-08-2020,95%,92%
343,Freelancer_343,"SQL, Java, C++, UI/UX Design",18,94,4.9,73,"Mumbai, India",3399,16-10-2023,91%,97%
344,Freelancer_344,"Python, Node.js",5,100,3.1,83,"London, UK",4487,03-02-2024,90%,95%
345,Freelancer_345,"Java, JavaScript, Node.js",19,150,3.9,13,"Toronto, Canada",1326,24-08-2023,97%,85%
346,Freelancer_346,"Node.js, JavaScript",0,118,4.8,63,"Dublin, Ireland",5684,26-07-2020,93%,91%
347,Freelancer_347,SQL,3,97,3.5,0,"Vancouver, Canada",9993,22-03-2020,83%,92%
348,Freelancer_348,"React, JavaScript",12,95,4.1,20,"Sydney, Australia",4267,23-10-2021,89%,86%
349,Freelancer_349,"Digital Marketing, Python, CSS",17,101,3.7,85,"Vancouver, Canada",511,25-11-2021,80%,100%
350,Freelancer_350,"CSS, Java, Data Analysis",1,110,3.1,54,"Amsterdam, Netherlands",2111,19-10-2023,85%,94%
351,Freelancer_351,"Content Writing, C++, UI/UX Design, React",3,83,3.2,9,"Paris, France",8249,12-05-2024,96%,95%
352,Freelancer_352,HTML,15,100,4.7,93,"Tokyo, Japan",7306,24-02-2020,91%,91%
353,Freelancer_353,CSS,11,131,4.3,70,"Amsterdam, Netherlands",816,25-01-2022,81%,99%
354,Freelancer_354,"Data Analysis, Python, Content Writing",20,31,4.5,29,"Mumbai, India",4885,07-02-2024,96%,94%
355,Freelancer_355,"Machine Learning, CSS, SQL",7,32,4.5,64,"New York, USA",5930,13-09-2020,94%,98%
356,Freelancer_356,Data Analysis,13,56,3.3,18,"Madrid, Spain",7584,19-06-2020,88%,99%
357,Freelancer_357,JavaScript,1,144,3.4,86,"New York, USA",9552,02-09-2023,80%,85%
358,Freelancer_358,Node.js,7,149,3,16,"Mumbai, India",938,26-06-2023,84%,91%
359,Freelancer_359,"React, UI/UX Design",12,122,3.8,12,"Berlin, Germany",4875,21-01-2022,99%,87%
360,Freelancer_360,"JavaScript, C++",13,87,3.1,57,"Madrid, Spain",7007,20-03-2023,99%,99%
361,Freelancer_361,"CSS, React, UI/UX Design, Python",16,15,3.2,72,"Sydney, Australia",3996,14-12-2021,100%,92%
362,Freelancer_362,"C++, Python",15,42,4.2,46,"Madrid, Spain",858,05-01-2024,95%,94%
363,Freelancer_363,"Java, SQL, CSS",13,37,3.7,35,"Tokyo, Japan",9380,13-06-2021,93%,88%
364,Freelancer_364,Python,19,121,3.5,21,"Paris, France",4054,19-09-2022,94%,87%
365,Freelancer_365,"CSS, React",17,61,4.3,28,"Tokyo, Japan",9859,17-04-2023,83%,88%
366,Freelancer_366,"Digital Marketing, JavaScript",12,16,4.4,85,"Amsterdam, Netherlands",2499,03-05-2020,85%,95%
367,Freelancer_367,CSS,4,67,3.2,22,"Dublin, Ireland",1781,08-07-2023,80%,98%
368,Freelancer_368,"CSS, Data Analysis, Java",16,18,3.1,13,"London, UK",1744,11-02-2020,83%,92%
369,Freelancer_369,"SQL, Python",9,44,4.8,73,"Toronto, Canada",6278,10-07-2022,92%,95%
370,Freelancer_370,"JavaScript, Java",16,84,3.2,43,"Vancouver, Canada",710,11-06-2022,99%,97%
371,Freelancer_371,"React, SQL, C++",2,112,3.4,84,"London, UK",1504,21-12-2022,98%,98%
372,Freelancer_372,"Data Analysis, HTML",18,136,4.5,61,"New York, USA",650,05-06-2023,80%,86%
373,Freelancer_373,"HTML, CSS, Content Writing, Data Analysis",13,68,4.6,35,"Tokyo, Japan",7596,09-07-2023,94%,88%
374,Freelancer_374,"React, Digital Marketing, Content Writing",13,139,4.9,14,"Mumbai, India",8208,22-01-2024,85%,93%
375,Freelancer_375,"React, Digital Marketing",17,115,4.4,28,"Tokyo, Japan",6573,19-03-2020,86%,99%
376,Freelancer_376,"Digital Marketing, Content Writing, Machine Learning",9,98,4.2,57,"Vancouver, Canada",2405,19-11-2020,94%,86%
377,Freelancer_377,"SQL, Node.js",16,112,3.4,89,"Tokyo, Japan",463,04-06-2023,80%,85%
378,Freelancer_378,"Data Analysis, JavaScript",10,35,4,64,"Mumbai, India",1856,07-04-2024,99%,92%
379,Freelancer_379,"Python, JavaScript, HTML, Java",7,115,5,40,"Madrid, Spain",2195,17-10-2021,92%,99%
380,Freelancer_380,"CSS, Machine Learning, HTML, Node.js",12,19,4.8,92,"Tokyo, Japan",8537,07-06-2020,93%,99%
381,Freelancer_381,"CSS, Node.js, Machine Learning",17,48,4.6,60,"Vancouver, Canada",2628,01-01-2020,87%,85%
382,Freelancer_382,"Python, Node.js, JavaScript",11,133,3.5,85,"Mumbai, India",5337,05-04-2022,86%,98%
383,Freelancer_383,JavaScript,5,114,3.9,91,"Berlin, Germany",5975,14-01-2022,87%,98%
384,Freelancer_384,"Content Writing, HTML",18,124,4.6,3,"London, UK",4124,08-07-2023,84%,85%
385,Freelancer_385,"Java, SQL, C++, Python",15,52,3.4,81,"San Francisco, USA",1588,04-12-2020,84%,97%
386,Freelancer_386,"Node.js, React, C++, Digital Marketing",11,32,4.2,89,"Paris, France",1095,18-01-2022,83%,88%
387,Freelancer_387,"UI/UX Design, Content Writing, Data Analysis, HTML",13,113,4.2,49,"Paris, France",8326,15-09-2023,82%,100%
388,Freelancer_388,"Python, C++",9,47,4.7,15,"San Francisco, USA",5084,19-04-2021,89%,87%
389,Freelancer_389,HTML,1,10,3,86,"Vancouver, Canada",7499,10-06-2023,84%,94%
390,Freelancer_390,"UI/UX Design, Node.js, SQL",3,76,3.9,84,"Toronto, Canada",5260,29-06-2023,88%,94%
391,Freelancer_391,"CSS, Content Writing, React, Java",2,110,3.9,88,"Sydney, Australia",2014,01-11-2021,95%,97%
392,Freelancer_392,C++,5,91,3.6,15,"Toronto, Canada",2825,03-12-2022,99%,100%
393,Freelancer_393,"C++, SQL",20,15,4.6,55,"Mumbai, India",7679,04-10-2022,97%,91%
394,Freelancer_394,Node.js,7,103,3.1,8,"Berlin, Germany",7739,14-07-2024,81%,94%
395,Freelancer_395,"C++, React, Digital Marketing",13,85,4.1,57,"Paris, France",1010,26-09-2021,96%,92%
396,Freelancer_396,"Python, JavaScript, React, Content Writing",14,11,3.6,73,"Tokyo, Japan",86,28-05-2023,81%,88%
397,Freelancer_397,"Machine Learning, C++, UI/UX Design",14,41,4.4,38,"Mumbai, India",5869,05-09-2022,84%,87%
398,Freelancer_398,"Machine Learning, HTML, Content Writing",1,111,3.9,67,"Toronto, Canada",9979,19-08-2020,88%,93%
399,Freelancer_399,"Java, SQL",2,87,3.5,89,"Dublin, Ireland",7205,04-05-2022,81%,95%
400,Freelancer_400,"Python, React, Java",7,114,3.8,89,"Madrid, Spain",4506,25-02-2020,99%,86%
401,Freelancer_401,JavaScript,7,74,4.6,98,"Tokyo, Japan",2572,14-04-2022,98%,93%
402,Freelancer_402,"Data Analysis, Node.js, Java",16,118,4.9,22,"Madrid, Spain",9754,04-01-2020,93%,87%
403,Freelancer_403,"HTML, Node.js, UI/UX Design",3,148,3.6,70,"Madrid, Spain",131,01-01-2022,85%,89%
404,Freelancer_404,"Node.js, HTML, Content Writing",15,111,3,28,"Paris, France",5282,15-04-2020,90%,88%
405,Freelancer_405,"Java, Content Writing, UI/UX Design",8,76,3.7,50,"New York, USA",8070,24-03-2020,92%,88%
406,Freelancer_406,Machine Learning,13,64,4.2,29,"Toronto, Canada",821,12-04-2022,96%,88%
407,Freelancer_407,"Digital Marketing, C++, Python",4,40,4.9,83,"Berlin, Germany",1399,20-01-2020,95%,92%
408,Freelancer_408,"Java, Data Analysis, React",7,89,3.6,63,"New York, USA",4188,08-12-2022,82%,95%
409,Freelancer_409,Java,9,121,3.7,74,"Mumbai, India",3868,02-07-2023,81%,89%
410,Freelancer_410,UI/UX Design,5,129,3.6,53,"New York, USA",726,27-03-2024,87%,95%
411,Freelancer_411,"UI/UX Design, Node.js",16,17,4.5,47,"Berlin, Germany",4114,09-09-2024,100%,97%
412,Freelancer_412,"Digital Marketing, Content Writing",16,76,4.3,31,"London, UK",370,18-09-2021,81%,98%
413,Freelancer_413,"Python, Node.js, Digital Marketing, React",17,105,3.9,50,"New York, USA",4787,18-06-2021,93%,93%
414,Freelancer_414,"SQL, CSS, HTML",12,53,4.7,66,"Berlin, Germany",9201,05-03-2024,83%,92%
415,Freelancer_415,"Node.js, Java",6,109,3.5,56,"San Francisco, USA",2832,01-01-2024,85%,91%
416,Freelancer_416,"Python, Data Analysis, HTML, UI/UX Design",6,33,3.5,45,"Vancouver, Canada",4396,02-04-2020,91%,95%
417,Freelancer_417,"JavaScript, React, Digital Marketing, CSS",18,19,3.7,33,"Amsterdam, Netherlands",5323,22-10-2020,89%,93%
418,Freelancer_418,"Java, C++, CSS, HTML",2,26,3.1,92,"Tokyo, Japan",6479,03-10-2020,95%,96%
419,Freelancer_419,Content Writing,12,117,4.1,61,"Mumbai, India",2769,28-07-2023,96%,90%
420,Freelancer_420,"JavaScript, UI/UX Design, React",2,86,4,5,"Vancouver, Canada",4514,10-01-2021,89%,96%
421,Freelancer_421,Digital Marketing,0,51,4.4,72,"Tokyo, Japan",1258,11-10-2021,87%,92%
422,Freelancer_422,"JavaScript, SQL, Node.js",15,33,3.5,57,"Dublin, Ireland",7508,23-05-2024,82%,88%
423,Freelancer_423,"UI/UX Design, React, Machine Learning, SQL",4,95,4.7,32,"Mumbai, India",4876,09-07-2023,89%,95%
424,Freelancer_424,"Java, Data Analysis, Digital Marketing",14,29,4.3,61,"Madrid, Spain",4967,24-07-2022,100%,94%
425,Freelancer_425,"UI/UX Design, Python, Digital Marketing, Java",14,115,3.4,36,"Amsterdam, Netherlands",5937,17-02-2021,88%,95%
426,Freelancer_426,Machine Learning,8,140,3.6,52,"Mumbai, India",6137,06-07-2024,81%,93%
427,Freelancer_427,"CSS, Digital Marketing, JavaScript, C++",2,77,4.4,56,"Dublin, Ireland",2312,31-03-2020,95%,89%
428,Freelancer_428,"SQL, Java, Python",7,27,4.4,99,"Berlin, Germany",3031,01-04-2021,95%,89%
429,Freelancer_429,"Data Analysis, Java, JavaScript",6,41,3.8,73,"Paris, France",5399,16-10-2020,100%,97%
430,Freelancer_430,Java,7,101,4.5,61,"London, UK",8020,14-03-2022,84%,85%
431,Freelancer_431,"Java, UI/UX Design, Digital Marketing",9,149,4.9,32,"Amsterdam, Netherlands",5696,14-08-2020,83%,86%
432,Freelancer_432,"Digital Marketing, HTML",7,116,3.4,26,"Sydney, Australia",9364,17-03-2020,83%,86%
433,Freelancer_433,"CSS, Python, SQL",17,52,3.6,37,"Dublin, Ireland",8043,05-12-2020,80%,88%
434,Freelancer_434,Machine Learning,15,97,4.5,21,"Berlin, Germany",658,03-08-2023,92%,91%
435,Freelancer_435,"Content Writing, Python",2,15,3.4,68,"Berlin, Germany",6478,24-05-2023,96%,86%
436,Freelancer_436,"Data Analysis, HTML",16,28,3.5,17,"Dublin, Ireland",4846,23-08-2023,90%,99%
437,Freelancer_437,"React, Data Analysis, C++, HTML",11,97,3.4,73,"San Francisco, USA",2508,27-05-2020,82%,97%
438,Freelancer_438,"SQL, React, JavaScript",17,71,4.5,89,"Tokyo, Japan",3910,03-05-2024,88%,86%
439,Freelancer_439,"SQL, Digital Marketing, React",8,80,3.1,44,"Vancouver, Canada",6409,05-06-2024,84%,95%
440,Freelancer_440,"Python, HTML",16,13,3.6,57,"Tokyo, Japan",2210,30-12-2023,82%,91%
441,Freelancer_441,"C++, Data Analysis",16,110,4.1,41,"San Francisco, USA",7436,16-11-2023,100%,95%
442,Freelancer_442,Content Writing,6,70,4.2,37,"London, UK",9900,03-04-2020,100%,95%
443,Freelancer_443,HTML,5,127,3.3,5,"San Francisco, USA",8389,31-03-2022,100%,90%
444,Freelancer_444,"HTML, Digital Marketing, Content Writing, Machine Learning",6,150,3.9,31,"New York, USA",9767,28-02-2021,95%,85%
445,Freelancer_445,C++,15,69,3.6,15,"Sydney, Australia",6640,15-03-2022,81%,88%
446,Freelancer_446,SQL,18,75,4.4,51,"San Francisco, USA",7284,17-11-2022,92%,91%
447,Freelancer_447,C++,7,17,3.6,32,"Paris, France",3841,07-08-2022,92%,91%
448,Freelancer_448,"UI/UX Design, SQL, CSS",10,52,4.7,24,"Toronto, Canada",2616,22-09-2022,86%,99%
449,Freelancer_449,"CSS, JavaScript",16,102,4.9,13,"San Francisco, USA",4133,07-11-2022,85%,91%
450,Freelancer_450,"Content Writing, React, UI/UX Design, Node.js",3,129,4.4,14,"Paris, France",1916,13-12-2021,84%,96%
451,Freelancer_451,"C++, CSS",8,76,3.4,20,"London, UK",1416,29-05-2020,98%,90%
452,Freelancer_452,"Java, HTML, Machine Learning",12,15,3.6,76,"New York, USA",9208,26-01-2024,80%,95%
453,Freelancer_453,Machine Learning,4,81,3.5,79,"New York, USA",7157,12-06-2024,92%,91%
454,Freelancer_454,"Digital Marketing, JavaScript",9,122,4.5,75,"Mumbai, India",8399,28-04-2024,88%,89%
455,Freelancer_455,"Python, React, JavaScript",7,13,3.1,70,"New York, USA",9975,28-03-2021,95%,90%
456,Freelancer_456,"SQL, CSS, HTML",4,24,4.8,12,"Tokyo, Japan",6934,10-06-2022,82%,93%
457,Freelancer_457,"JavaScript, Java",8,123,3.1,99,"New York, USA",8440,21-02-2021,84%,90%
458,Freelancer_458,"JavaScript, React, Machine Learning, CSS",3,28,5,15,"Paris, France",8297,03-03-2020,99%,100%
459,Freelancer_459,"Content Writing, Node.js",7,75,4.3,43,"Tokyo, Japan",1534,27-05-2020,81%,88%
460,Freelancer_460,"Python, Data Analysis, SQL, Java",4,118,4.4,4,"New York, USA",73,01-06-2021,80%,97%
461,Freelancer_461,Digital Marketing,16,77,4.1,55,"Berlin, Germany",3393,24-01-2023,95%,85%
462,Freelancer_462,"Digital Marketing, Java, Data Analysis",20,133,4.4,97,"Dublin, Ireland",6066,08-08-2022,81%,97%
463,Freelancer_463,"Java, SQL",14,125,3.3,60,"Berlin, Germany",3374,30-06-2020,95%,97%
464,Freelancer_464,Machine Learning,20,67,3.7,92,"Toronto, Canada",8912,16-02-2020,88%,87%
465,Freelancer_465,Machine Learning,11,45,3.8,74,"Mumbai, India",7813,22-12-2021,89%,89%
466,Freelancer_466,"Data Analysis, Machine Learning, C++, JavaScript",1,95,3.5,92,"New York, USA",751,12-06-2022,81%,93%
467,Freelancer_467,"Digital Marketing, UI/UX Design, Data Analysis",13,66,3,28,"Berlin, Germany",7210,28-06-2023,89%,96%
468,Freelancer_468,"Python, Node.js",10,31,4.9,57,"London, UK",6446,01-07-2023,99%,86%
469,Freelancer_469,"JavaScript, Data Analysis, Python, Java",18,61,3.7,32,"Toronto, Canada",6624,01-09-2022,96%,86%
470,Freelancer_470,"React, SQL, Data Analysis, Node.js",12,14,4.5,16,"San Francisco, USA",1554,27-06-2023,89%,100%
471,Freelancer_471,"Digital Marketing, JavaScript, CSS, Content Writing",6,24,3.8,52,"Mumbai, India",1539,13-07-2020,99%,85%
472,Freelancer_472,"Java, Machine Learning, HTML, CSS",20,19,3.1,65,"Amsterdam, Netherlands",4842,14-01-2023,98%,97%
473,Freelancer_473,Content Writing,10,125,3.5,15,"Madrid, Spain",6153,30-01-2021,84%,91%
474,Freelancer_474,"Digital Marketing, React, Data Analysis, Content Writing",2,10,3.1,21,"Sydney, Australia",6838,12-09-2020,90%,93%
475,Freelancer_475,"CSS, Content Writing",8,18,3.8,2,"Mumbai, India",5768,24-02-2023,85%,92%
476,Freelancer_476,"Machine Learning, C++, Python, HTML",14,120,3.1,47,"Vancouver, Canada",7614,13-05-2020,99%,98%
477,Freelancer_477,Machine Learning,10,73,4.3,62,"Berlin, Germany",7218,22-02-2021,98%,92%
478,Freelancer_478,"UI/UX Design, Java, Machine Learning, Digital Marketing",3,43,3.1,47,"Madrid, Spain",797,17-05-2024,90%,88%
479,Freelancer_479,"Node.js, JavaScript, Data Analysis",14,138,4.6,15,"Toronto, Canada",8304,04-01-2020,98%,88%
480,Freelancer_480,HTML,16,36,4.3,49,"London, UK",4109,25-08-2020,86%,92%
481,Freelancer_481,"Content Writing, HTML",10,109,3.5,69,"New York, USA",871,31-01-2020,92%,95%
482,Freelancer_482,"CSS, SQL, Node.js",16,116,3.6,73,"Madrid, Spain",2704,28-10-2020,94%,96%
483,Freelancer_483,"Digital Marketing, Java",15,46,4.6,58,"London, UK",85,11-06-2020,94%,95%
484,Freelancer_484,"Data Analysis, C++",20,35,4.4,54,"New York, USA",1701,20-12-2023,89%,86%
485,Freelancer_485,"Digital Marketing, C++, Data Analysis",5,43,4.1,4,"Sydney, Australia",8631,30-07-2022,94%,99%
486,Freelancer_486,"HTML, Content Writing, Data Analysis",0,19,5,6,"Paris, France",8761,15-05-2021,86%,94%
487,Freelancer_487,Machine Learning,2,34,4.6,71,"Vancouver, Canada",6023,12-01-2020,100%,87%
488,Freelancer_488,Data Analysis,8,95,4.8,28,"Sydney, Australia",3288,19-01-2022,80%,88%
489,Freelancer_489,"UI/UX Design, Data Analysis, C++",11,26,3.8,45,"Tokyo, Japan",2919,23-11-2020,83%,94%
490,Freelancer_490,"Content Writing, Java, HTML",5,87,3.7,73,"Paris, France",6716,13-02-2021,97%,89%
491,Freelancer_491,CSS,0,105,4.7,95,"San Francisco, USA",3230,21-04-2020,82%,91%
492,Freelancer_492,"JavaScript, UI/UX Design",17,138,3,71,"Vancouver, Canada",4312,05-11-2023,96%,89%
493,Freelancer_493,"UI/UX Design, SQL",1,105,4,66,"Berlin, Germany",8865,20-01-2022,81%,88%
494,Freelancer_494,"JavaScript, React, Node.js, HTML",13,22,4.2,64,"Sydney, Australia",5562,13-08-2020,85%,86%
495,Freelancer_495,"JavaScript, CSS, SQL",17,144,4,6,"Berlin, Germany",2534,29-12-2022,90%,98%
496,Freelancer_496,Data Analysis,1,139,3.7,12,"Berlin, Germany",8094,09-04-2021,95%,93%
497,Freelancer_497,"React, CSS, C++, Data Analysis",13,78,4.3,3,"London, UK",6644,03-09-2020,84%,87%
498,Freelancer_498,HTML,18,127,3.2,100,"Toronto, Canada",2472,24-04-2023,92%,98%
499,Freelancer_499,"Content Writing, React",7,109,4.4,49,"Vancouver, Canada",9902,13-03-2022,100%,93%
500,Freelancer_500,"Machine Learning, Node.js, Python, Data Analysis",11,132,4.6,8,"Paris, France",1938,07-10-2020,95%,98%
